<?xml version="1.0" encoding="UTF-8"?>
<beans xmlns="http://www.springframework.org/schema/beans"
    xmlns:xsi="http://www.w3.org/2001/XMLSchema-instance" xmlns:context="http://www.springframework.org/schema/context"
    xsi:schemaLocation="http://www.springframework.org/schema/beans
    http://www.springframework.org/schema/beans/spring-beans.xsd
    http://www.springframework.org/schema/context
    http://www.springframework.org/schema/context/spring-context.xsd
    http://www.springframework.org/schema/mvc
    http://www.springframework.org/schema/mvc/spring-mvc.xsd">
     
    <bean id = "emp" class = "com.test.Employee">
   
    <constructor-arg name="name" value="A"></constructor-arg>
	<constructor-arg name="cmp" value="Capg"></constructor-arg>
	<constructor-arg name="Loc" value="Hyd"></constructor-arg>   
    </bean>
     
</beans> 